,Age,Interval,Symptoms_Dyspnea,Laboratory_test_N,Laboratory_test_CRP_(mg/L)
43,63,5,0,6.31,89.94
171,35,3,0,4.2,14
47,35,7,0,2.62,35.6
45,36,5,0,10.49,5.8
29,54,3,0,4.2,4.3
67,38,1,0,2.07,19.94
172,39,2,0,3.6,4
116,42,7,0,1.63,158.95
40,65,9,0,3.13,52.6
46,10,5,0,2.26,5
13,63,7,0,2.7,44.9
174,46,7,0,2.22,6.4
9,65,7,0,4,55.6
10,66,6,0,3.2,34.2
101,63,4,0,0.59,16
48,51,13,0,3.18,13
49,65,16,0,5.35,33.2
41,66,8,0,3.53,38.6