,Age,Interval,Laboratory_test_L,Laboratory_test_N,Laboratory_test_CRP_(mg/L)
43,63.0,5.0,0.26,6.31,89.94
172,39.0,2.0,1.3,3.6,4.0
47,35.0,7.0,1.59,2.62,35.6
45,36.0,5.0,2.37,10.49,5.8
29,54.0,3.0,2.1,4.2,4.3
101,63.0,4.0,0.32,0.59,16.0
173,50.0,7.0,0.28,1.84,44.3
171,35.0,3.0,0.89,4.2,14.0
40,65.0,9.0,0.88,3.13,52.6
46,10.0,5.0,3.79,2.26,5.0
13,63.0,7.0,1.2,2.7,44.9
174,46.0,7.0,1.19,2.22,6.4
9,65.0,7.0,0.6,4.0,55.6
10,66.0,6.0,0.7,3.2,34.2
116,42.0,7.0,0.9,1.63,158.95
